{
  "Station code": "101",
  "Measurement date": "2019-07-17 14:00:00",
  "Latitude": 37.5720164,
  "Longitude": 127.0050075,
  "SO2": 0.004,
  "NO2": 0.03,
  "O3": 0.02,
  "CO": 0.5,
  "PM10": 35.0,
  "PM2.5": 18.0,
  "pm25_lag_1": 20.0,
  "pm25_lag_2": 21.0,
  "pm25_lag_3": 19.0,
  "pm25_lag_24": 17.0,
  "pm25_roll_mean_24": 18.6,
  "pm25_roll_std_24": 4.8,
  "pm10_lag_1": 38.0,
  "pm10_lag_24": 33.0,
  "pm10_roll_mean_24": 34.7
}